ISO_N3,ISO_C3,cntry.name,year,mean_pre,mean_rad,mean_tmp,NY.GDP.MKTP.KD,NY.GDP.PCAP.KD,SP.POP.TOTL,AG.LND.AGRI.K2,AG.PRD.CROP.XD
578,NOR,Norway,1961,106.2525216435920000000000000000,98.6115268188155000000000000000,5.1389212409851800000000000000,88173016047.0000000000000000000000000000,24426.0114300000000000000000000000,3609800.0000000000000000000000000000,10340.0000000000000000000000000000,122.5800000000000000000000000000
578,NOR,Norway,1962,105.6799112495380000000000000000,98.1980109766853000000000000000,3.5814375934235600000000000000,90654156346.0000000000000000000000000000,24912.3932800000000000000000000000,3638918.0000000000000000000000000000,10310.0000000000000000000000000000,100.1200000000000000000000000000
578,NOR,Norway,1963,93.2007132223635000000000000000,99.2789657613756000000000000000,3.6831318030229100000000000000,94085455221.0000000000000000000000000000,25660.5770600000000000000000000000,3666537.0000000000000000000000000000,10280.0000000000000000000000000000,125.1700000000000000000000000000
578,NOR,Norway,1964,108.2952338344640000000000000000,99.6610600083564000000000000000,4.3797731205096900000000000000,98798808156.0000000000000000000000000000,26743.2978300000000000000000000000,3694339.0000000000000000000000000000,10190.0000000000000000000000000000,99.3500000000000000000000000000
578,NOR,Norway,1965,90.8664098770683000000000000000,98.7323725228937000000000000000,3.5890410130932900000000000000,104000000000.0000000000000000000000000000,27938.8216300000000000000000000000,3723168.0000000000000000000000000000,10110.0000000000000000000000000000,116.4800000000000000000000000000
578,NOR,Norway,1966,100.3388504063480000000000000000,99.4845141877349000000000000000,3.1681893583484500000000000000,108000000000.0000000000000000000000000000,28766.1464500000000000000000000000,3753012.0000000000000000000000000000,10050.0000000000000000000000000000,113.3900000000000000000000000000
578,NOR,Norway,1967,130.8083180787670000000000000000,96.1561769106063000000000000000,4.5812305897104400000000000000,115000000000.0000000000000000000000000000,30311.1519000000000000000000000000,3784539.0000000000000000000000000000,10000.0000000000000000000000000000,102.9800000000000000000000000000
578,NOR,Norway,1968,89.1183259439736000000000000000,101.1244441394300000000000000000,3.7761027325050200000000000000,117000000000.0000000000000000000000000000,30736.6840000000000000000000000000,3816486.0000000000000000000000000000,9940.0000000000000000000000000000,124.9300000000000000000000000000
578,NOR,Norway,1969,88.6422814144275000000000000000,104.4805388691330000000000000000,3.8944694971194400000000000000,123000000000.0000000000000000000000000000,31860.6144600000000000000000000000,3847707.0000000000000000000000000000,9860.0000000000000000000000000000,112.2700000000000000000000000000
578,NOR,Norway,1970,93.7661067000514000000000000000,101.2052146951010000000000000000,3.5063915051460800000000000000,125000000000.0000000000000000000000000000,32244.6463800000000000000000000000,3875763.0000000000000000000000000000,9540.0000000000000000000000000000,118.3500000000000000000000000000
578,NOR,Norway,1971,108.9109889635390000000000000000,100.7806425330150000000000000000,4.6102912367817900000000000000,132000000000.0000000000000000000000000000,33835.5734800000000000000000000000,3903039.0000000000000000000000000000,9310.0000000000000000000000000000,112.6000000000000000000000000000
578,NOR,Norway,1972,92.2837990880709000000000000000,98.5947913809826000000000000000,4.7718728939626400000000000000,139000000000.0000000000000000000000000000,35367.6911600000000000000000000000,3933004.0000000000000000000000000000,9100.0000000000000000000000000000,105.7800000000000000000000000000
578,NOR,Norway,1973,110.6777386201010000000000000000,99.7983221143811000000000000000,4.6394119282149300000000000000,145000000000.0000000000000000000000000000,36713.1692100000000000000000000000,3960612.0000000000000000000000000000,9040.0000000000000000000000000000,108.7900000000000000000000000000
578,NOR,Norway,1974,98.2398800725700000000000000000,101.0180423587140000000000000000,5.3795218801037300000000000000,151000000000.0000000000000000000000000000,37917.4786200000000000000000000000,3985258.0000000000000000000000000000,9010.0000000000000000000000000000,131.4900000000000000000000000000
578,NOR,Norway,1975,111.1114700425940000000000000000,102.2043850544340000000000000000,5.4592629560482300000000000000,159000000000.0000000000000000000000000000,39576.1877900000000000000000000000,4007313.0000000000000000000000000000,8980.0000000000000000000000000000,91.1200000000000000000000000000
578,NOR,Norway,1976,81.1964748582459000000000000000,105.4475833403920000000000000000,4.1161650832468200000000000000,168000000000.0000000000000000000000000000,41685.6855700000000000000000000000,4026152.0000000000000000000000000000,8960.0000000000000000000000000000,102.5200000000000000000000000000
578,NOR,Norway,1977,92.4893246505077000000000000000,98.9821782421156000000000000000,4.0116200772129300000000000000,175000000000.0000000000000000000000000000,43236.9888400000000000000000000000,4043205.0000000000000000000000000000,8990.0000000000000000000000000000,118.6200000000000000000000000000
578,NOR,Norway,1978,93.2634305465005000000000000000,100.9671358875330000000000000000,3.8011319971646100000000000000,182000000000.0000000000000000000000000000,44738.8692200000000000000000000000,4058671.0000000000000000000000000000,9000.0000000000000000000000000000,124.8700000000000000000000000000
578,NOR,Norway,1979,103.4855396214760000000000000000,96.0446644959737000000000000000,3.1743777215768900000000000000,190000000000.0000000000000000000000000000,46536.3015500000000000000000000000,4072517.0000000000000000000000000000,9540.0000000000000000000000000000,109.5800000000000000000000000000
578,NOR,Norway,1980,93.3501556867188000000000000000,101.1371015005770000000000000000,3.8013730290591300000000000000,198000000000.0000000000000000000000000000,48504.4608200000000000000000000000,4085620.0000000000000000000000000000,9360.0000000000000000000000000000,123.3100000000000000000000000000
578,NOR,Norway,1981,101.3813749265680000000000000000,99.0999005778364000000000000000,3.4711503408702300000000000000,201000000000.0000000000000000000000000000,49110.4251600000000000000000000000,4099702.0000000000000000000000000000,9360.0000000000000000000000000000,119.5400000000000000000000000000
578,NOR,Norway,1982,108.3804451577890000000000000000,100.8108986153890000000000000000,4.6920479796117300000000000000,202000000000.0000000000000000000000000000,49045.5439100000000000000000000000,4114787.0000000000000000000000000000,9420.0000000000000000000000000000,125.1200000000000000000000000000
578,NOR,Norway,1983,118.8554184908190000000000000000,98.3281903226222000000000000000,4.9576729967091500000000000000,210000000000.0000000000000000000000000000,50825.4877600000000000000000000000,4128432.0000000000000000000000000000,9450.0000000000000000000000000000,113.8200000000000000000000000000
578,NOR,Norway,1984,94.1092138585927000000000000000,99.5527169123664000000000000000,4.8694581860933200000000000000,223000000000.0000000000000000000000000000,53749.7537200000000000000000000000,4140099.0000000000000000000000000000,9540.0000000000000000000000000000,134.2300000000000000000000000000
578,NOR,Norway,1985,103.7754186732090000000000000000,97.7767616327980000000000000000,2.9973834685167400000000000000,235000000000.0000000000000000000000000000,56565.0204700000000000000000000000,4152516.0000000000000000000000000000,9570.0000000000000000000000000000,125.1300000000000000000000000000
578,NOR,Norway,1986,105.8377422746010000000000000000,99.3998641715670000000000000000,3.7991021824400100000000000000,244000000000.0000000000000000000000000000,58641.9787300000000000000000000000,4167354.0000000000000000000000000000,9690.0000000000000000000000000000,106.7500000000000000000000000000
578,NOR,Norway,1987,97.9350549658381000000000000000,97.2691905686420000000000000000,3.3349556801724100000000000000,249000000000.0000000000000000000000000000,59391.5740900000000000000000000000,4186905.0000000000000000000000000000,9700.0000000000000000000000000000,115.7100000000000000000000000000
578,NOR,Norway,1988,116.4708670918080000000000000000,99.1910055016195000000000000000,4.9862365979448800000000000000,248000000000.0000000000000000000000000000,58922.1098800000000000000000000000,4209488.0000000000000000000000000000,9760.0000000000000000000000000000,116.5700000000000000000000000000
578,NOR,Norway,1989,116.6231823934080000000000000000,100.0186584638780000000000000000,5.8543171797000400000000000000,251000000000.0000000000000000000000000000,59288.6384000000000000000000000000,4226901.0000000000000000000000000000,9910.0000000000000000000000000000,119.5600000000000000000000000000
578,NOR,Norway,1990,123.1751684538720000000000000000,99.4416128883609000000000000000,6.0004223928312700000000000000,255000000000.0000000000000000000000000000,60226.7156400000000000000000000000,4241473.0000000000000000000000000000,9760.0000000000000000000000000000,135.2500000000000000000000000000
578,NOR,Norway,1991,100.7075737053530000000000000000,99.9592341014976000000000000000,5.0649630626458500000000000000,263000000000.0000000000000000000000000000,61789.4106700000000000000000000000,4261732.0000000000000000000000000000,10100.0000000000000000000000000000,106.2800000000000000000000000000
578,NOR,Norway,1992,120.0607171717410000000000000000,100.8890338739870000000000000000,5.4857115489243400000000000000,273000000000.0000000000000000000000000000,63629.6886800000000000000000000000,4286401.0000000000000000000000000000,10030.0000000000000000000000000000,90.0300000000000000000000000000
578,NOR,Norway,1993,94.6303693443811000000000000000,100.3494002362410000000000000000,4.3999318984109400000000000000,281000000000.0000000000000000000000000000,65051.7976699999000000000000000000,4311991.0000000000000000000000000000,10130.0000000000000000000000000000,110.4800000000000000000000000000
578,NOR,Norway,1994,104.9862674391240000000000000000,102.5496053941690000000000000000,4.5818366349083900000000000000,295000000000.0000000000000000000000000000,67952.4273300000000000000000000000,4336613.0000000000000000000000000000,10300.0000000000000000000000000000,91.3600000000000000000000000000
578,NOR,Norway,1995,108.0179918974130000000000000000,99.3639132546113000000000000000,4.6692760595205100000000000000,307000000000.0000000000000000000000000000,70409.7193500000000000000000000000,4359184.0000000000000000000000000000,11270.0000000000000000000000000000,98.4000000000000000000000000000
578,NOR,Norway,1996,86.9431366539270000000000000000,99.7529360065351000000000000000,3.7967183183127400000000000000,322000000000.0000000000000000000000000000,73575.9928200000000000000000000000,4381336.0000000000000000000000000000,11320.0000000000000000000000000000,100.2200000000000000000000000000
578,NOR,Norway,1997,99.6873997569180000000000000000,105.5394472602470000000000000000,5.3471315593520100000000000000,339000000000.0000000000000000000000000000,77045.2950000000000000000000000000,4405157.0000000000000000000000000000,10380.0000000000000000000000000000,98.7200000000000000000000000000
578,NOR,Norway,1998,111.6433375334640000000000000000,94.1512023825172000000000000000,4.6946428638869500000000000000,348000000000.0000000000000000000000000000,78597.9158400000000000000000000000,4431464.0000000000000000000000000000,10470.0000000000000000000000000000,99.7700000000000000000000000000
578,NOR,Norway,1999,125.0984915957220000000000000000,98.7462969773558000000000000000,5.2876531465784400000000000000,355000000000.0000000000000000000000000000,79632.8199400000000000000000000000,4461913.0000000000000000000000000000,10380.0000000000000000000000000000,91.2700000000000000000000000000
578,NOR,Norway,2000,127.0613352327320000000000000000,97.1629992188434000000000000000,5.8497970958525600000000000000,367000000000.0000000000000000000000000000,81653.3448800000000000000000000000,4490967.0000000000000000000000000000,10420.0000000000000000000000000000,96.3200000000000000000000000000
578,NOR,Norway,2001,105.5586409895990000000000000000,98.8556451668689000000000000000,4.4908145204798600000000000000,374000000000.0000000000000000000000000000,82926.7686800000000000000000000000,4513751.0000000000000000000000000000,10470.0000000000000000000000000000,95.0900000000000000000000000000
578,NOR,Norway,2002,98.9553923569930000000000000000,104.1635306118820000000000000000,5.3796638804766500000000000000,380000000000.0000000000000000000000000000,83673.6373300000000000000000000000,4538159.0000000000000000000000000000,10460.0000000000000000000000000000,92.9900000000000000000000000000
578,NOR,Norway,2003,104.9232820884570000000000000000,102.8294211842280000000000000000,5.3205135176160300000000000000,383000000000.0000000000000000000000000000,83941.3655800000000000000000000000,4564855.0000000000000000000000000000,10400.0000000000000000000000000000,97.1100000000000000000000000000
578,NOR,Norway,2004,111.2561007707170000000000000000,101.5827640781740000000000000000,5.3862523476548300000000000000,398000000000.0000000000000000000000000000,86759.1419600000000000000000000000,4591910.0000000000000000000000000000,10400.0000000000000000000000000000,108.1100000000000000000000000000
578,NOR,Norway,2005,112.1920205624440000000000000000,101.8467171714630000000000000000,5.4171149745224100000000000000,409000000000.0000000000000000000000000000,88432.6201200000000000000000000000,4623291.0000000000000000000000000000,10360.0000000000000000000000000000,96.4900000000000000000000000000
578,NOR,Norway,2006,118.4156332797750000000000000000,104.3656780623010000000000000000,5.8944731334504900000000000000,419000000000.0000000000000000000000000000,89828.4251700000000000000000000000,4660677.0000000000000000000000000000,10350.0000000000000000000000000000,95.4000000000000000000000000000
578,NOR,Norway,2007,120.0078499765350000000000000000,100.1356219026370000000000000000,5.5231402288037100000000000000,431000000000.0000000000000000000000000000,91565.7334000000000000000000000000,4709153.0000000000000000000000000000,10320.0000000000000000000000000000,92.6400000000000000000000000000
578,NOR,Norway,2008,116.9531355632280000000000000000,103.2466680821540000000000000000,5.8582910492952400000000000000,433000000000.0000000000000000000000000000,90862.3997100000000000000000000000,4768212.0000000000000000000000000000,10248.0004900000000000000000000000,107.9900000000000000000000000000
578,NOR,Norway,2009,107.5102748969380000000000000000,101.3679888950110000000000000000,5.2874040527281900000000000000,426000000000.0000000000000000000000000000,88174.1578800000000000000000000000,4828726.0000000000000000000000000000,10142.6001000000000000000000000000,88.8800000000000000000000000000
578,NOR,Norway,2010,87.9245210102422000000000000000,100.6335562440600000000000000000,3.2890052255706400000000000000,429000000000.0000000000000000000000000000,87693.7900700000000000000000000000,4889252.0000000000000000000000000000,10059.0002400000000000000000000000,92.1900000000000000000000000000
578,NOR,Norway,2011,120.2802453111310000000000000000,99.6555483943775000000000000000,5.7744312112504200000000000000,433000000000.0000000000000000000000000000,87413.1770000000000000000000000000,4953088.0000000000000000000000000000,9990.0000000000000000000000000000,80.4300000000000000000000000000
578,NOR,Norway,2012,117.4914855626250000000000000000,97.7039484970966000000000000000,4.7223098342482900000000000000,445000000000.0000000000000000000000000000,88604.5746500000000000000000000000,5018573.0000000000000000000000000000,9927.9998780000000000000000000000,85.0200000000000000000000000000
578,NOR,Norway,2013,103.7732364109320000000000000000,104.6563528342910000000000000000,5.1117817777873200000000000000,449000000000.0000000000000000000000000000,88444.8949800000000000000000000000,5079623.0000000000000000000000000000,9871.4001460000000000000000000000,78.8100000000000000000000000000
578,NOR,Norway,2014,111.8674167484430000000000000000,103.5146414046970000000000000000,6.5781957432507100000000000000,458000000000.0000000000000000000000000000,89175.4995500000000000000000000000,5137232.0000000000000000000000000000,9867.7001950000000000000000000000,97.6000000000000000000000000000
578,NOR,Norway,2015,128.2011457279450000000000000000,98.6676654187865000000000000000,5.8601600637818100000000000000,467000000000.0000000000000000000000000000,90029.3556400000000000000000000000,5188607.0000000000000000000000000000,9860.3997800000000000000000000000,101.8900000000000000000000000000
578,NOR,Norway,2016,100.5352715308950000000000000000,100.2652563366670000000000000000,5.5223655307225500000000000000,472000000000.0000000000000000000000000000,90195.9636800000000000000000000000,5234519.0000000000000000000000000000,9836.6998290000000000000000000000,101.6000000000000000000000000000
578,NOR,Norway,2017,129.0711886045410000000000000000,97.4831960056133000000000000000,5.3431019641774400000000000000,483000000000.0000000000000000000000000000,91549.0378700000000000000000000000,5276968.0000000000000000000000000000,..,..
578,NOR,Norway,2018,97.1338335327237000000000000000,108.0085959072870000000000000000,5.5636059505529200000000000000,489000000000.0000000000000000000000000000,92119.5229600000000000000000000000,5311916.0000000000000000000000000000,..,..
578,NOR,Norway,2019,115.9106811485580000000000000000,100.2773931132360000000000000000,5.5363827091693400000000000000,495000000000.0000000000000000000000000000,92556.3216400000000000000000000000,5347896.0000000000000000000000000000,..,..
764,THA,Thailand,1961,133.4113167812340000000000000000,211.9370410891220000000000000000,26.8775304783805000000000000000,16478543840.0000000000000000000000000000,583.8447655000000000000000000000,28224187.0000000000000000000000000000,116530.0000000000000000000000000000,20.9200000000000000000000000000
764,THA,Thailand,1962,124.8576830128800000000000000000,214.9814612875780000000000000000,26.7038373445066000000000000000,17723374971.0000000000000000000000000000,609.4499074000000000000000000000,29080938.0000000000000000000000000000,119800.0000000000000000000000000000,22.4800000000000000000000000000
764,THA,Thailand,1963,128.6509569892370000000000000000,214.3186484593410000000000000000,26.7198900620937000000000000000,19141214978.0000000000000000000000000000,638.7459942000000000000000000000,29966865.0000000000000000000000000000,124600.0000000000000000000000000000,24.3600000000000000000000000000
764,THA,Thailand,1964,131.9003835240030000000000000000,213.1507164430450000000000000000,26.8206550724359000000000000000,20448750635.0000000000000000000000000000,662.1760712000000000000000000000,30881138.0000000000000000000000000000,126900.0000000000000000000000000000,23.5600000000000000000000000000
764,THA,Thailand,1965,125.2725956584570000000000000000,213.7426982752480000000000000000,26.9440707554117000000000000000,22121798201.0000000000000000000000000000,695.1586763000000000000000000000,31822660.0000000000000000000000000000,129400.0000000000000000000000000000,24.5000000000000000000000000000
764,THA,Thailand,1966,141.7250806290330000000000000000,213.8508146776340000000000000000,27.4245086466279000000000000000,24582299297.0000000000000000000000000000,749.7087998000000000000000000000,32789130.0000000000000000000000000000,132100.0000000000000000000000000000,29.0900000000000000000000000000
764,THA,Thailand,1967,111.4651278156410000000000000000,212.8590364593450000000000000000,26.7812287171833000000000000000,26700305862.0000000000000000000000000000,790.4456835000000000000000000000,33778799.0000000000000000000000000000,134600.0000000000000000000000000000,25.4200000000000000000000000000
764,THA,Thailand,1968,113.2007019476510000000000000000,213.4010059734410000000000000000,27.1126275940214000000000000000,28868976863.0000000000000000000000000000,829.7731449000000000000000000000,34791409.0000000000000000000000000000,137000.0000000000000000000000000000,27.5300000000000000000000000000
764,THA,Thailand,1969,125.0760392029050000000000000000,211.6309647046980000000000000000,27.2462070251563000000000000000,30760085350.0000000000000000000000000000,858.5705295000000000000000000000,35827092.0000000000000000000000000000,139200.0000000000000000000000000000,29.7100000000000000000000000000
764,THA,Thailand,1970,144.0082836384940000000000000000,207.3604967248770000000000000000,27.0167443252986000000000000000,34269180219.0000000000000000000000000000,929.0934342000000000000000000000,36884536.0000000000000000000000000000,142480.0000000000000000000000000000,30.7600000000000000000000000000
764,THA,Thailand,1971,125.6254587144770000000000000000,206.9995537821520000000000000000,26.3974216372617000000000000000,35946784676.0000000000000000000000000000,946.8830557000000000000000000000,37963278.0000000000000000000000000000,143990.0000000000000000000000000000,31.2600000000000000000000000000
764,THA,Thailand,1972,121.5028594914730000000000000000,210.2884801420630000000000000000,27.1381125851322000000000000000,37484770748.0000000000000000000000000000,959.7058745000000000000000000000,39058603.0000000000000000000000000000,152300.0000000000000000000000000000,29.7700000000000000000000000000
764,THA,Thailand,1973,119.2897398045730000000000000000,211.1238187529600000000000000000,27.1643922145541000000000000000,41321874196.0000000000000000000000000000,1028.9418400000000000000000000000,40159582.0000000000000000000000000000,160800.0000000000000000000000000000,35.9200000000000000000000000000
764,THA,Thailand,1974,131.0204298522700000000000000000,207.5564718399820000000000000000,26.6649168468916000000000000000,43167413801.0000000000000000000000000000,1046.4238040000000000000000000000,41252324.0000000000000000000000000000,168830.0000000000000000000000000000,35.2600000000000000000000000000
764,THA,Thailand,1975,130.2529887913680000000000000000,205.7162938611340000000000000000,26.8838231162449000000000000000,45313009194.0000000000000000000000000000,1070.5636060000000000000000000000,42326312.0000000000000000000000000000,172200.0000000000000000000000000000,39.1900000000000000000000000000
764,THA,Thailand,1976,123.6756526007090000000000000000,208.1283263396850000000000000000,26.7779874778883000000000000000,49539267957.0000000000000000000000000000,1142.0558930000000000000000000000,43377271.0000000000000000000000000000,175480.0000000000000000000000000000,42.3500000000000000000000000000
764,THA,Thailand,1977,102.6935822608600000000000000000,209.9278932405060000000000000000,27.0880492369097000000000000000,54415647585.0000000000000000000000000000,1225.4147010000000000000000000000,44405904.0000000000000000000000000000,179650.0000000000000000000000000000,42.5400000000000000000000000000
764,THA,Thailand,1978,125.0593233573190000000000000000,207.0198182542480000000000000000,27.3463925962583000000000000000,60018144736.0000000000000000000000000000,1321.6048050000000000000000000000,45413080.0000000000000000000000000000,183760.0000000000000000000000000000,49.5500000000000000000000000000
764,THA,Thailand,1979,96.6770389949260000000000000000,212.4552986158400000000000000000,27.7360489064907000000000000000,63242179336.0000000000000000000000000000,1362.9264820000000000000000000000,46401754.0000000000000000000000000000,187020.0000000000000000000000000000,46.5400000000000000000000000000
764,THA,Thailand,1980,127.2494725601260000000000000000,207.0160846095070000000000000000,27.4463520053303000000000000000,66514039417.0000000000000000000000000000,1404.0059260000000000000000000000,47374472.0000000000000000000000000000,189380.0000000000000000000000000000,51.5000000000000000000000000000
764,THA,Thailand,1981,121.2818982845570000000000000000,201.6935026685070000000000000000,26.6036681893007000000000000000,70442935769.0000000000000000000000000000,1457.6529480000000000000000000000,48326274.0000000000000000000000000000,193410.0000000000000000000000000000,52.3600000000000000000000000000
764,THA,Thailand,1982,117.9705917760520000000000000000,202.7658616641030000000000000000,26.7093637145453000000000000000,74213287362.0000000000000000000000000000,1506.6882820000000000000000000000,49255900.0000000000000000000000000000,197790.0000000000000000000000000000,52.2000000000000000000000000000
764,THA,Thailand,1983,130.7115157856270000000000000000,205.9236994194750000000000000000,27.0537814907927000000000000000,78357507587.0000000000000000000000000000,1561.7177480000000000000000000000,50173924.0000000000000000000000000000,198980.0000000000000000000000000000,55.6900000000000000000000000000
764,THA,Thailand,1984,116.2391931113810000000000000000,203.4985304100540000000000000000,26.7575161040811000000000000000,82864968558.0000000000000000000000000000,1621.7865280000000000000000000000,51094868.0000000000000000000000000000,200510.0000000000000000000000000000,57.3100000000000000000000000000
764,THA,Thailand,1985,117.3150335047050000000000000000,201.0813363214750000000000000000,26.8281587033768000000000000000,86715902818.0000000000000000000000000000,1666.7512600000000000000000000000,52026901.0000000000000000000000000000,205770.0000000000000000000000000000,60.3000000000000000000000000000
764,THA,Thailand,1986,117.4303944328220000000000000000,203.6414297459060000000000000000,26.7907439866533000000000000000,91514611527.0000000000000000000000000000,1727.3395460000000000000000000000,52980094.0000000000000000000000000000,207750.0000000000000000000000000000,56.5800000000000000000000000000
764,THA,Thailand,1987,115.2178602442410000000000000000,208.1579366344580000000000000000,27.2388681259070000000000000000,100000000000.0000000000000000000000000000,1857.8960270000000000000000000000,53945881.0000000000000000000000000000,212400.0000000000000000000000000000,57.2900000000000000000000000000
764,THA,Thailand,1988,136.7919452585940000000000000000,204.8786278161280000000000000000,26.9829717764740000000000000000,114000000000.0000000000000000000000000000,2068.5155320000000000000000000000,54891520.0000000000000000000000000000,213300.0000000000000000000000000000,65.2400000000000000000000000000
764,THA,Thailand,1989,109.9751523240030000000000000000,208.0898580001370000000000000000,26.9675402662294000000000000000,127000000000.0000000000000000000000000000,2284.0342670000000000000000000000,55772169.0000000000000000000000000000,213370.0000000000000000000000000000,68.3400000000000000000000000000
764,THA,Thailand,1990,119.1016927816820000000000000000,208.4593174404950000000000000000,27.2815043800141000000000000000,142000000000.0000000000000000000000000000,2503.8090360000000000000000000000,56558186.0000000000000000000000000000,213830.0000000000000000000000000000,62.0700000000000000000000000000
764,THA,Thailand,1991,109.1363192540670000000000000000,208.4870099829410000000000000000,27.8011742096124000000000000000,154000000000.0000000000000000000000000000,2686.0685870000000000000000000000,57232465.0000000000000000000000000000,215160.0000000000000000000000000000,66.0200000000000000000000000000
764,THA,Thailand,1992,105.0526898407590000000000000000,207.6788498175430000000000000000,27.4370493344132000000000000000,166000000000.0000000000000000000000000000,2874.1396070000000000000000000000,57811021.0000000000000000000000000000,213740.0000000000000000000000000000,68.5600000000000000000000000000
764,THA,Thailand,1993,104.9302759506440000000000000000,208.8814464232140000000000000000,27.4135812703943000000000000000,180000000000.0000000000000000000000000000,3083.2180820000000000000000000000,58337773.0000000000000000000000000000,212450.0000000000000000000000000000,66.7900000000000000000000000000
764,THA,Thailand,1994,124.9582290918020000000000000000,205.8165268030070000000000000000,27.5113637814590000000000000000,194000000000.0000000000000000000000000000,3299.3848580000000000000000000000,58875269.0000000000000000000000000000,211200.0000000000000000000000000000,70.8300000000000000000000000000
764,THA,Thailand,1995,128.7579816524670000000000000000,205.2110017205380000000000000000,27.3662220128933000000000000000,210000000000.0000000000000000000000000000,3531.7922910000000000000000000000,59467274.0000000000000000000000000000,212100.0000000000000000000000000000,72.8400000000000000000000000000
764,THA,Thailand,1996,137.6520986732850000000000000000,201.7790615147100000000000000000,26.9892633793992000000000000000,222000000000.0000000000000000000000000000,3690.2699110000000000000000000000,60130186.0000000000000000000000000000,208630.0000000000000000000000000000,76.0700000000000000000000000000
764,THA,Thailand,1997,104.4952560774010000000000000000,206.7370796986280000000000000000,27.5313043399000000000000000000,216000000000.0000000000000000000000000000,3546.4034130000000000000000000000,60846582.0000000000000000000000000000,204420.0000000000000000000000000000,77.7100000000000000000000000000
764,THA,Thailand,1998,118.5130103792170000000000000000,210.6061900661860000000000000000,28.1830663714571000000000000000,199000000000.0000000000000000000000000000,3236.3882950000000000000000000000,61585103.0000000000000000000000000000,200520.0000000000000000000000000000,74.8500000000000000000000000000
764,THA,Thailand,1999,140.5002746457200000000000000000,197.5433859734410000000000000000,26.9432096107585000000000000000,208000000000.0000000000000000000000000000,3345.6068240000000000000000000000,62298571.0000000000000000000000000000,200170.0000000000000000000000000000,79.9400000000000000000000000000
764,THA,Thailand,2000,137.4228290724500000000000000000,199.8993293660450000000000000000,27.1881682599763000000000000000,218000000000.0000000000000000000000000000,3458.3527220000000000000000000000,62952642.0000000000000000000000000000,198340.0000000000000000000000000000,90.0500000000000000000000000000
764,THA,Thailand,2001,121.9539781687730000000000000000,200.9148993215760000000000000000,27.7136305134019000000000000000,225000000000.0000000000000000000000000000,3544.4420710000000000000000000000,63539196.0000000000000000000000000000,198280.0000000000000000000000000000,95.2600000000000000000000000000
764,THA,Thailand,2002,125.0710204475110000000000000000,202.0222783486590000000000000000,27.8566070567787000000000000000,239000000000.0000000000000000000000000000,3731.2731420000000000000000000000,64069087.0000000000000000000000000000,196890.0000000000000000000000000000,95.4700000000000000000000000000
764,THA,Thailand,2003,119.7063471404910000000000000000,205.3693967891130000000000000000,27.8035424177381000000000000000,256000000000.0000000000000000000000000000,3969.7349650000000000000000000000,64549866.0000000000000000000000000000,195540.0000000000000000000000000000,101.5500000000000000000000000000
764,THA,Thailand,2004,107.5780156226550000000000000000,205.1447079926160000000000000000,27.7084173615439000000000000000,272000000000.0000000000000000000000000000,4190.4882830000000000000000000000,64995299.0000000000000000000000000000,195550.0000000000000000000000000000,101.1300000000000000000000000000
764,THA,Thailand,2005,121.7257645412980000000000000000,203.2462510744550000000000000000,27.9494864190595000000000000000,284000000000.0000000000000000000000000000,4337.8799750000000000000000000000,65416189.0000000000000000000000000000,196100.0000000000000000000000000000,98.0800000000000000000000000000
764,THA,Thailand,2006,126.2302113456620000000000000000,203.5508773744190000000000000000,27.3447087881311000000000000000,298000000000.0000000000000000000000000000,4525.9555550000000000000000000000,65812536.0000000000000000000000000000,197000.0000000000000000000000000000,100.7900000000000000000000000000
764,THA,Thailand,2007,127.2340755239260000000000000000,203.3370041398160000000000000000,27.2120564037280000000000000000,314000000000.0000000000000000000000000000,4745.3036850000000000000000000000,66182067.0000000000000000000000000000,198000.0000000000000000000000000000,110.3300000000000000000000000000
764,THA,Thailand,2008,133.5920751118020000000000000000,199.3615365497150000000000000000,26.8374779131020000000000000000,319000000000.0000000000000000000000000000,4801.8774650000000000000000000000,66530984.0000000000000000000000000000,200500.0000000000000000000000000000,109.9200000000000000000000000000
764,THA,Thailand,2009,127.7445367393750000000000000000,202.0824438681200000000000000000,27.2286350282190000000000000000,317000000000.0000000000000000000000000000,4744.7627910000000000000000000000,66866839.0000000000000000000000000000,208790.0000000000000000000000000000,111.3200000000000000000000000000
764,THA,Thailand,2010,129.4058986201520000000000000000,202.4398082097950000000000000000,27.8776168476246000000000000000,341000000000.0000000000000000000000000000,5076.3401740000000000000000000000,67195028.0000000000000000000000000000,210600.0000000000000000000000000000,111.1100000000000000000000000000
764,THA,Thailand,2011,156.2464329710630000000000000000,193.5919620639920000000000000000,26.8966812200284000000000000000,344000000000.0000000000000000000000000000,5094.4726610000000000000000000000,67518382.0000000000000000000000000000,210600.0000000000000000000000000000,121.1700000000000000000000000000
764,THA,Thailand,2012,121.4685933167300000000000000000,198.1873412111170000000000000000,27.8135463871870000000000000000,369000000000.0000000000000000000000000000,5437.8776910000000000000000000000,67835957.0000000000000000000000000000,218600.0000000000000000000000000000,130.4400000000000000000000000000
764,THA,Thailand,2013,132.4344979214610000000000000000,196.8607999564320000000000000000,27.4506132514220000000000000000,379000000000.0000000000000000000000000000,5558.7371400000000000000000000000,68144501.0000000000000000000000000000,221100.0000000000000000000000000000,129.8200000000000000000000000000
764,THA,Thailand,2014,111.7841089657920000000000000000,200.7665680725130000000000000000,27.5400618290487000000000000000,383000000000.0000000000000000000000000000,5589.3255910000000000000000000000,68438730.0000000000000000000000000000,221100.0000000000000000000000000000,127.6500000000000000000000000000
764,THA,Thailand,2015,109.2875226451160000000000000000,203.1542087248150000000000000000,27.9351176902433000000000000000,395000000000.0000000000000000000000000000,5741.3539110000000000000000000000,68714511.0000000000000000000000000000,221100.0000000000000000000000000000,119.5300000000000000000000000000
764,THA,Thailand,2016,121.2620642861380000000000000000,201.3523275151900000000000000000,28.0829985731725000000000000000,408000000000.0000000000000000000000000000,5916.1260720000000000000000000000,68971331.0000000000000000000000000000,221100.0000000000000000000000000000,115.6700000000000000000000000000
764,THA,Thailand,2017,154.0812142303200000000000000000,197.0270455820270000000000000000,27.5885204341078000000000000000,425000000000.0000000000000000000000000000,6135.4719600000000000000000000000,69209858.0000000000000000000000000000,..,..
764,THA,Thailand,2018,120.5184065509600000000000000000,195.5572016224910000000000000000,27.5744938860920000000000000000,442000000000.0000000000000000000000000000,6370.0149760000000000000000000000,69428524.0000000000000000000000000000,..,..
764,THA,Thailand,2019,99.7981746036514000000000000000,203.9545247747650000000000000000,28.1636269070114000000000000000,453000000000.0000000000000000000000000000,6502.6474760000000000000000000000,69625582.0000000000000000000000000000,..,..
710,ZAF,South Africa,1961,60.0467791687433000000000000000,223.0338302530740000000000000000,17.8309909545275000000000000000,82111040763.0000000000000000000000000000,4685.4909490000000000000000000000,17524533.0000000000000000000000000000,1013350.0000000000000000000000000000,39.6200000000000000000000000000
710,ZAF,South Africa,1962,54.7791174517005000000000000000,225.3328103800300000000000000000,18.0031396881881000000000000000,87183764870.0000000000000000000000000000,4852.7830000000000000000000000000,17965725.0000000000000000000000000000,1001350.0000000000000000000000000000,40.3300000000000000000000000000
710,ZAF,South Africa,1963,58.3376715212471000000000000000,220.7298569898610000000000000000,17.5945540204197000000000000000,93612358103.0000000000000000000000000000,5081.2321570000000000000000000000,18423161.0000000000000000000000000000,989950.0000000000000000000000000000,43.9400000000000000000000000000
710,ZAF,South Africa,1964,58.4477189079165000000000000000,223.5686759005350000000000000000,17.5056704226327000000000000000,101000000000.0000000000000000000000000000,5347.3398240000000000000000000000,18896307.0000000000000000000000000000,977500.0000000000000000000000000000,41.1300000000000000000000000000
710,ZAF,South Africa,1965,44.7630222999096000000000000000,226.1619141941780000000000000000,17.6252141111640000000000000000,107000000000.0000000000000000000000000000,5531.7305460000000000000000000000,19384841.0000000000000000000000000000,966100.0000000000000000000000000000,41.6500000000000000000000000000
710,ZAF,South Africa,1966,52.6195487653270000000000000000,223.5723668104120000000000000000,17.8913652079977000000000000000,112000000000.0000000000000000000000000000,5631.0128470000000000000000000000,19888250.0000000000000000000000000000,964450.0000000000000000000000000000,45.4500000000000000000000000000
710,ZAF,South Africa,1967,66.2192715082183000000000000000,219.9963158441940000000000000000,17.3685700395718000000000000000,120000000000.0000000000000000000000000000,5882.8494170000000000000000000000,20406864.0000000000000000000000000000,961800.0000000000000000000000000000,63.7400000000000000000000000000
710,ZAF,South Africa,1968,48.9028144110286000000000000000,222.4770127090290000000000000000,17.3120246748044000000000000000,125000000000.0000000000000000000000000000,5970.5794030000000000000000000000,20942145.0000000000000000000000000000,959900.0000000000000000000000000000,50.4400000000000000000000000000
710,ZAF,South Africa,1969,61.2005085791639000000000000000,221.9055456516460000000000000000,17.9313864298050000000000000000,131000000000.0000000000000000000000000000,6091.0310570000000000000000000000,21496075.0000000000000000000000000000,957900.0000000000000000000000000000,52.7700000000000000000000000000
710,ZAF,South Africa,1970,51.0849338141386000000000000000,225.4790012257100000000000000000,18.0055060471650000000000000000,138000000000.0000000000000000000000000000,6244.0833380000000000000000000000,22069776.0000000000000000000000000000,955900.0000000000000000000000000000,51.5800000000000000000000000000
710,ZAF,South Africa,1971,65.5118976133535000000000000000,218.8809168927690000000000000000,17.4778494589642000000000000000,144000000000.0000000000000000000000000000,6340.1923620000000000000000000000,22665271.0000000000000000000000000000,953900.0000000000000000000000000000,63.6000000000000000000000000000
710,ZAF,South Africa,1972,56.4840800335333000000000000000,222.9133020405910000000000000000,17.7600952910052000000000000000,146000000000.0000000000000000000000000000,6274.5122510000000000000000000000,23281508.0000000000000000000000000000,951950.0000000000000000000000000000,67.5500000000000000000000000000
710,ZAF,South Africa,1973,59.3879496956268000000000000000,221.5111734556800000000000000000,17.7470807611849000000000000000,153000000000.0000000000000000000000000000,6388.0840570000000000000000000000,23913099.0000000000000000000000000000,949900.0000000000000000000000000000,52.0500000000000000000000000000
710,ZAF,South Africa,1974,68.5405015285748000000000000000,216.5566940426740000000000000000,17.4465884013303000000000000000,162000000000.0000000000000000000000000000,6601.9265310000000000000000000000,24552540.0000000000000000000000000000,948050.0000000000000000000000000000,73.6500000000000000000000000000
710,ZAF,South Africa,1975,69.3072459737075000000000000000,216.9978881627770000000000000000,17.4210947962162000000000000000,165000000000.0000000000000000000000000000,6542.6101460000000000000000000000,25195187.0000000000000000000000000000,945850.0000000000000000000000000000,68.3400000000000000000000000000
710,ZAF,South Africa,1976,75.4767019305159000000000000000,215.5931915202390000000000000000,17.2358968027906000000000000000,169000000000.0000000000000000000000000000,6523.6602560000000000000000000000,25836888.0000000000000000000000000000,943820.0000000000000000000000000000,66.7200000000000000000000000000
710,ZAF,South Africa,1977,66.1148832111313000000000000000,220.1209785816380000000000000000,17.9679056821008000000000000000,168000000000.0000000000000000000000000000,6359.0170810000000000000000000000,26480913.0000000000000000000000000000,943200.0000000000000000000000000000,71.4900000000000000000000000000
710,ZAF,South Africa,1978,66.0410926884090000000000000000,218.6749129937030000000000000000,17.6795084292544000000000000000,173000000000.0000000000000000000000000000,6391.8743700000000000000000000000,27138965.0000000000000000000000000000,942800.0000000000000000000000000000,76.1400000000000000000000000000
710,ZAF,South Africa,1979,52.5857249391087000000000000000,222.3512949926860000000000000000,18.0161826548383000000000000000,180000000000.0000000000000000000000000000,6470.0516750000000000000000000000,27827320.0000000000000000000000000000,942100.0000000000000000000000000000,71.7500000000000000000000000000
710,ZAF,South Africa,1980,54.9853513989310000000000000000,222.4283361925010000000000000000,17.7026447246193000000000000000,192000000000.0000000000000000000000000000,6722.1952770000000000000000000000,28556769.0000000000000000000000000000,941600.0000000000000000000000000000,78.3900000000000000000000000000
710,ZAF,South Africa,1981,62.2114043684809000000000000000,218.3763402549990000000000000000,17.3016221067302000000000000000,202000000000.0000000000000000000000000000,6895.1066380000000000000000000000,29333103.0000000000000000000000000000,941000.0000000000000000000000000000,92.9700000000000000000000000000
710,ZAF,South Africa,1982,47.4095392439003000000000000000,223.4919818919830000000000000000,17.9990758029102000000000000000,201000000000.0000000000000000000000000000,6682.4694180000000000000000000000,30150448.0000000000000000000000000000,940330.0000000000000000000000000000,76.9900000000000000000000000000
710,ZAF,South Africa,1983,53.3965245292407000000000000000,223.9426377491010000000000000000,18.5556967513860000000000000000,198000000000.0000000000000000000000000000,6380.6086090000000000000000000000,30993758.0000000000000000000000000000,940330.0000000000000000000000000000,59.4100000000000000000000000000
710,ZAF,South Africa,1984,53.0553039394581000000000000000,222.9357189899750000000000000000,18.1890392135937000000000000000,208000000000.0000000000000000000000000000,6527.4058290000000000000000000000,31841593.0000000000000000000000000000,940330.0000000000000000000000000000,68.6800000000000000000000000000
710,ZAF,South Africa,1985,61.8210975813381000000000000000,222.2023103796790000000000000000,18.4068383231384000000000000000,205000000000.0000000000000000000000000000,6283.1117020000000000000000000000,32678874.0000000000000000000000000000,940330.0000000000000000000000000000,75.6600000000000000000000000000
710,ZAF,South Africa,1986,56.7722874271595000000000000000,222.3069904281420000000000000000,18.2941597856928000000000000000,205000000000.0000000000000000000000000000,6130.9387110000000000000000000000,33495953.0000000000000000000000000000,944000.0000000000000000000000000000,76.7700000000000000000000000000
710,ZAF,South Africa,1987,65.0877785266188000000000000000,220.5873947361320000000000000000,18.3778968859756000000000000000,210000000000.0000000000000000000000000000,6113.4004330000000000000000000000,34297727.0000000000000000000000000000,946500.0000000000000000000000000000,82.7900000000000000000000000000
710,ZAF,South Africa,1988,64.2881123554020000000000000000,217.6806802084580000000000000000,17.9669851794277000000000000000,218000000000.0000000000000000000000000000,6224.4085490000000000000000000000,35100909.0000000000000000000000000000,949000.0000000000000000000000000000,85.8400000000000000000000000000
710,ZAF,South Africa,1989,64.6147060559836000000000000000,216.8996618335050000000000000000,17.7925669916476000000000000000,224000000000.0000000000000000000000000000,6226.3921130000000000000000000000,35930050.0000000000000000000000000000,953000.0000000000000000000000000000,93.6700000000000000000000000000
710,ZAF,South Africa,1990,49.2719294513273000000000000000,221.7080931421310000000000000000,17.9674626663869000000000000000,223000000000.0000000000000000000000000000,6059.7978970000000000000000000000,36800509.0000000000000000000000000000,956000.0000000000000000000000000000,83.7800000000000000000000000000
710,ZAF,South Africa,1991,59.1452561017005000000000000000,219.3717874645180000000000000000,18.1325464392473000000000000000,221000000000.0000000000000000000000000000,5852.0446510000000000000000000000,37718950.0000000000000000000000000000,960050.0000000000000000000000000000,84.8100000000000000000000000000
710,ZAF,South Africa,1992,39.8317865847558000000000000000,228.7984407746340000000000000000,18.7745875361166000000000000000,216000000000.0000000000000000000000000000,5585.7571290000000000000000000000,38672607.0000000000000000000000000000,964730.0000000000000000000000000000,62.1300000000000000000000000000
710,ZAF,South Africa,1993,56.7215866406524000000000000000,220.7522508249390000000000000000,18.4979763629124000000000000000,219000000000.0000000000000000000000000000,5517.5295810000000000000000000000,39633750.0000000000000000000000000000,969360.0000000000000000000000000000,80.2600000000000000000000000000
710,ZAF,South Africa,1994,49.8838768011239000000000000000,222.0676591912620000000000000000,17.6541034913899000000000000000,226000000000.0000000000000000000000000000,5563.5005050000000000000000000000,40564059.0000000000000000000000000000,972650.0000000000000000000000000000,90.1100000000000000000000000000
710,ZAF,South Africa,1995,64.0831081094670000000000000000,219.4242677899610000000000000000,18.1204378154209000000000000000,233000000000.0000000000000000000000000000,5615.2991200000000000000000000000,41435758.0000000000000000000000000000,975200.0000000000000000000000000000,73.0200000000000000000000000000
710,ZAF,South Africa,1996,71.4740432662384000000000000000,212.5415876467760000000000000000,17.6226112198820000000000000000,243000000000.0000000000000000000000000000,5745.1078190000000000000000000000,42241011.0000000000000000000000000000,978900.0000000000000000000000000000,95.2400000000000000000000000000
710,ZAF,South Africa,1997,65.2997865867816000000000000000,215.6355473030620000000000000000,17.8481135370182000000000000000,249000000000.0000000000000000000000000000,5792.1268240000000000000000000000,42987461.0000000000000000000000000000,979450.0000000000000000000000000000,94.7600000000000000000000000000
710,ZAF,South Africa,1998,61.2503642980285000000000000000,220.4019014135200000000000000000,18.4284392182307000000000000000,250000000000.0000000000000000000000000000,5728.4987620000000000000000000000,43682260.0000000000000000000000000000,979880.0000000000000000000000000000,88.9500000000000000000000000000
710,ZAF,South Africa,1999,52.8043871081133000000000000000,222.7999055750050000000000000000,18.5947150021801000000000000000,256000000000.0000000000000000000000000000,5779.1563760000000000000000000000,44338543.0000000000000000000000000000,980580.0000000000000000000000000000,95.5900000000000000000000000000
710,ZAF,South Africa,2000,79.1837196861405000000000000000,212.7192245253610000000000000000,17.5811715575373000000000000000,267000000000.0000000000000000000000000000,5937.6260860000000000000000000000,44967708.0000000000000000000000000000,981250.0000000000000000000000000000,102.6800000000000000000000000000
710,ZAF,South Africa,2001,64.8796690886005000000000000000,217.1677492513390000000000000000,18.0285775110094000000000000000,274000000000.0000000000000000000000000000,6017.1778460000000000000000000000,45571274.0000000000000000000000000000,980130.0000000000000000000000000000,93.3200000000000000000000000000
710,ZAF,South Africa,2002,49.5384577271304000000000000000,223.8585079545450000000000000000,18.1608804500614000000000000000,284000000000.0000000000000000000000000000,6161.4663140000000000000000000000,46150913.0000000000000000000000000000,980280.0000000000000000000000000000,102.1100000000000000000000000000
710,ZAF,South Africa,2003,45.4715881337289000000000000000,227.0964534220960000000000000000,18.5247361215266000000000000000,293000000000.0000000000000000000000000000,6266.0157400000000000000000000000,46719196.0000000000000000000000000000,979280.0000000000000000000000000000,99.7400000000000000000000000000
710,ZAF,South Africa,2004,57.9072269915598000000000000000,223.0617318070750000000000000000,18.5798105266331000000000000000,306000000000.0000000000000000000000000000,6472.1070340000000000000000000000,47291610.0000000000000000000000000000,976080.0000000000000000000000000000,100.3100000000000000000000000000
710,ZAF,South Africa,2005,46.3781368970328000000000000000,225.3570029525300000000000000000,18.8608355275581000000000000000,322000000000.0000000000000000000000000000,6729.8274660000000000000000000000,47880601.0000000000000000000000000000,974830.0000000000000000000000000000,106.0000000000000000000000000000
710,ZAF,South Africa,2006,69.0145589982841000000000000000,216.5337672637790000000000000000,18.1971288460889000000000000000,340000000000.0000000000000000000000000000,7017.7149040000000000000000000000,48489459.0000000000000000000000000000,968880.0000000000000000000000000000,93.6900000000000000000000000000
710,ZAF,South Africa,2007,54.0151161156113000000000000000,224.7603338571500000000000000000,18.5546569627154000000000000000,359000000000.0000000000000000000000000000,7299.0200370000000000000000000000,49119759.0000000000000000000000000000,968900.0000000000000000000000000000,92.8800000000000000000000000000
710,ZAF,South Africa,2008,53.7236499394354000000000000000,222.3752872824930000000000000000,18.6321437498222000000000000000,370000000000.0000000000000000000000000000,7432.1167610000000000000000000000,49779471.0000000000000000000000000000,971080.0000000000000000000000000000,112.7300000000000000000000000000
710,ZAF,South Africa,2009,62.1034273537085000000000000000,221.3407869327230000000000000000,18.4531188248930000000000000000,364000000000.0000000000000000000000000000,7216.6796930000000000000000000000,50477011.0000000000000000000000000000,969880.0000000000000000000000000000,109.0300000000000000000000000000
710,ZAF,South Africa,2010,56.3834441275603000000000000000,223.1729010998370000000000000000,18.8165857520936000000000000000,375000000000.0000000000000000000000000000,7328.6156290000000000000000000000,51216964.0000000000000000000000000000,968910.0000000000000000000000000000,107.7300000000000000000000000000
710,ZAF,South Africa,2011,63.5901373612896000000000000000,220.6332420933660000000000000000,18.2772855676475000000000000000,388000000000.0000000000000000000000000000,7454.7201650000000000000000000000,52004172.0000000000000000000000000000,963740.0000000000000000000000000000,107.4900000000000000000000000000
710,ZAF,South Africa,2012,54.8396850477241000000000000000,225.4138596356080000000000000000,18.5247383636072000000000000000,396000000000.0000000000000000000000000000,7500.0410670000000000000000000000,52834005.0000000000000000000000000000,968410.0000000000000000000000000000,112.4000000000000000000000000000
710,ZAF,South Africa,2013,49.7033967709811000000000000000,225.4460973548270000000000000000,18.5368039126899000000000000000,406000000000.0000000000000000000000000000,7563.9927770000000000000000000000,53689236.0000000000000000000000000000,968410.0000000000000000000000000000,116.6400000000000000000000000000
710,ZAF,South Africa,2014,56.0382790806821000000000000000,222.0592257652760000000000000000,18.6143658137244000000000000000,414000000000.0000000000000000000000000000,7582.6969290000000000000000000000,54545991.0000000000000000000000000000,968410.0000000000000000000000000000,123.4200000000000000000000000000
710,ZAF,South Africa,2015,38.6312355224493000000000000000,228.1969452093290000000000000000,18.9636402564995000000000000000,419000000000.0000000000000000000000000000,7556.7885790000000000000000000000,55386367.0000000000000000000000000000,968410.0000000000000000000000000000,113.4300000000000000000000000000
710,ZAF,South Africa,2016,54.2262257416375000000000000000,227.0830306616820000000000000000,19.2009107955826000000000000000,420000000000.0000000000000000000000000000,7476.6210120000000000000000000000,56203654.0000000000000000000000000000,968410.0000000000000000000000000000,104.8100000000000000000000000000
710,ZAF,South Africa,2017,54.8219974253500000000000000000,223.6697765034290000000000000000,18.7263784605195000000000000000,426000000000.0000000000000000000000000000,7476.3863240000000000000000000000,57000451.0000000000000000000000000000,..,..
710,ZAF,South Africa,2018,50.3358139326915000000000000000,227.6693041571600000000000000000,18.9749607244158000000000000000,430000000000.0000000000000000000000000000,7433.6153980000000000000000000000,57779622.0000000000000000000000000000,..,..
710,ZAF,South Africa,2019,51.3536665781067000000000000000,229.8017554107370000000000000000,19.5510244983791000000000000000,430000000000.0000000000000000000000000000,7345.9624180000000000000000000000,58558270.0000000000000000000000000000,..,..
528,NLD,Netherlands,1961,75.9973602491465000000000000000,110.9274005246640000000000000000,9.9324858199984700000000000000,189000000000.0000000000000000000000000000,16220.2224500000000000000000000000,11638712.0000000000000000000000000000,23140.0000000000000000000000000000,48.5500000000000000000000000000
528,NLD,Netherlands,1962,62.3765163645053000000000000000,107.9800237815440000000000000000,8.1886868592192700000000000000,202000000000.0000000000000000000000000000,17085.1393500000000000000000000000,11805689.0000000000000000000000000000,23030.0000000000000000000000000000,48.5900000000000000000000000000
528,NLD,Netherlands,1963,58.6851206873369000000000000000,108.9937162706410000000000000000,7.8438825663716100000000000000,209000000000.0000000000000000000000000000,17467.2709300000000000000000000000,11965966.0000000000000000000000000000,22890.0000000000000000000000000000,47.7700000000000000000000000000
528,NLD,Netherlands,1964,59.9020243381127000000000000000,114.6021600032680000000000000000,9.1479459817343200000000000000,226000000000.0000000000000000000000000000,18661.3454800000000000000000000000,12127120.0000000000000000000000000000,22680.0000000000000000000000000000,57.0000000000000000000000000000
528,NLD,Netherlands,1965,81.2034322740320000000000000000,107.2424930132880000000000000000,8.7083957150253100000000000000,246000000000.0000000000000000000000000000,19997.8676900000000000000000000000,12294732.0000000000000000000000000000,22550.0000000000000000000000000000,46.9100000000000000000000000000
528,NLD,Netherlands,1966,84.9451498058014000000000000000,105.7275585352200000000000000000,9.4275894210778000000000000000,253000000000.0000000000000000000000000000,20279.6117200000000000000000000000,12456251.0000000000000000000000000000,22450.0000000000000000000000000000,50.7600000000000000000000000000
528,NLD,Netherlands,1967,66.4047401400060000000000000000,112.0495779198850000000000000000,9.9403216810365800000000000000,266000000000.0000000000000000000000000000,21109.8132200000000000000000000000,12598201.0000000000000000000000000000,22390.0000000000000000000000000000,59.9300000000000000000000000000
528,NLD,Netherlands,1968,66.6618891564245000000000000000,106.3402918152390000000000000000,9.1775781472578200000000000000,283000000000.0000000000000000000000000000,22232.1526600000000000000000000000,12729721.0000000000000000000000000000,22270.0000000000000000000000000000,59.1200000000000000000000000000
528,NLD,Netherlands,1969,59.6005285998904000000000000000,113.9244276552630000000000000000,9.2093196474934900000000000000,301000000000.0000000000000000000000000000,23389.1443400000000000000000000000,12877984.0000000000000000000000000000,22100.0000000000000000000000000000,58.8700000000000000000000000000
528,NLD,Netherlands,1970,67.6706721133082000000000000000,113.6834061803390000000000000000,9.0967300631917000000000000000,320000000000.0000000000000000000000000000,24519.6092000000000000000000000000,13038526.0000000000000000000000000000,21930.0000000000000000000000000000,63.8000000000000000000000000000
528,NLD,Netherlands,1971,47.0668546966499000000000000000,117.4356639883710000000000000000,9.6389988476102600000000000000,334000000000.0000000000000000000000000000,25275.7592300000000000000000000000,13194497.0000000000000000000000000000,21280.0000000000000000000000000000,65.0700000000000000000000000000
528,NLD,Netherlands,1972,54.9586155913211000000000000000,111.7750511670430000000000000000,8.9737467921988800000000000000,345000000000.0000000000000000000000000000,25905.6926500000000000000000000000,13328593.0000000000000000000000000000,21140.0000000000000000000000000000,61.5200000000000000000000000000
528,NLD,Netherlands,1973,60.0648965292343000000000000000,115.7677974421830000000000000000,9.4226321745513800000000000000,364000000000.0000000000000000000000000000,27090.9944400000000000000000000000,13439322.0000000000000000000000000000,21010.0000000000000000000000000000,64.7200000000000000000000000000
528,NLD,Netherlands,1974,76.5386668911276000000000000000,112.6833713247540000000000000000,9.7354629565656800000000000000,377000000000.0000000000000000000000000000,27803.8303900000000000000000000000,13545056.0000000000000000000000000000,20940.0000000000000000000000000000,66.2100000000000000000000000000
528,NLD,Netherlands,1975,55.4281463948494000000000000000,116.1165630431100000000000000000,9.8021418018102600000000000000,377000000000.0000000000000000000000000000,27557.6502300000000000000000000000,13666335.0000000000000000000000000000,20820.0000000000000000000000000000,60.0200000000000000000000000000
528,NLD,Netherlands,1976,44.9635836457502000000000000000,125.7360032677820000000000000000,9.7783755644207700000000000000,393000000000.0000000000000000000000000000,28560.6231600000000000000000000000,13774037.0000000000000000000000000000,20730.0000000000000000000000000000,60.0700000000000000000000000000
528,NLD,Netherlands,1977,63.0050459631441000000000000000,107.4968091746600000000000000000,9.6248895601446100000000000000,403000000000.0000000000000000000000000000,29106.8839500000000000000000000000,13856185.0000000000000000000000000000,20600.0000000000000000000000000000,64.3000000000000000000000000000
528,NLD,Netherlands,1978,55.2329168869535000000000000000,109.3436167633290000000000000000,8.9584468107392200000000000000,414000000000.0000000000000000000000000000,29708.3290900000000000000000000000,13941700.0000000000000000000000000000,20460.0000000000000000000000000000,70.1400000000000000000000000000
528,NLD,Netherlands,1979,70.4742233068939000000000000000,108.1529832025110000000000000000,8.4703120664045100000000000000,423000000000.0000000000000000000000000000,30098.2227900000000000000000000000,14038270.0000000000000000000000000000,20340.0000000000000000000000000000,69.2100000000000000000000000000
528,NLD,Netherlands,1980,68.5562395232596000000000000000,111.1658340500460000000000000000,9.0551776940702700000000000000,428000000000.0000000000000000000000000000,30261.6946900000000000000000000000,14149800.0000000000000000000000000000,20200.0000000000000000000000000000,68.8400000000000000000000000000
528,NLD,Netherlands,1981,76.3415329132031000000000000000,107.3318704352880000000000000000,9.2359221495344800000000000000,425000000000.0000000000000000000000000000,29819.2829600000000000000000000000,14247208.0000000000000000000000000000,20110.0000000000000000000000000000,69.9800000000000000000000000000
528,NLD,Netherlands,1982,58.9064807961826000000000000000,120.6922016095500000000000000000,9.9705915784893800000000000000,420000000000.0000000000000000000000000000,29314.5646700000000000000000000000,14312690.0000000000000000000000000000,20050.0000000000000000000000000000,75.3700000000000000000000000000
528,NLD,Netherlands,1983,66.1578113304056000000000000000,115.1825908198930000000000000000,10.0111265203076000000000000000,428000000000.0000000000000000000000000000,29808.1101800000000000000000000000,14367070.0000000000000000000000000000,20090.0000000000000000000000000000,66.9500000000000000000000000000
528,NLD,Netherlands,1984,70.8850947659263000000000000000,108.8516277216670000000000000000,9.3204759169931300000000000000,441000000000.0000000000000000000000000000,30599.0397200000000000000000000000,14424211.0000000000000000000000000000,20160.0000000000000000000000000000,76.8500000000000000000000000000
528,NLD,Netherlands,1985,63.0887331250997000000000000000,109.2514744411240000000000000000,8.4204363880732900000000000000,453000000000.0000000000000000000000000000,31242.5175900000000000000000000000,14491632.0000000000000000000000000000,20190.0000000000000000000000000000,77.0100000000000000000000000000
528,NLD,Netherlands,1986,66.0450852147586000000000000000,116.9100658453910000000000000000,8.8314958113519100000000000000,465000000000.0000000000000000000000000000,31935.5177100000000000000000000000,14572278.0000000000000000000000000000,20150.0000000000000000000000000000,81.2200000000000000000000000000
528,NLD,Netherlands,1987,70.6864393330360000000000000000,106.1861566776240000000000000000,8.6369053832010100000000000000,474000000000.0000000000000000000000000000,32346.3729400000000000000000000000,14665037.0000000000000000000000000000,20140.0000000000000000000000000000,83.1400000000000000000000000000
528,NLD,Netherlands,1988,75.1215989647017000000000000000,107.1286604278320000000000000000,10.1755866778405000000000000000,491000000000.0000000000000000000000000000,33243.9988500000000000000000000000,14760094.0000000000000000000000000000,20120.0000000000000000000000000000,80.9700000000000000000000000000
528,NLD,Netherlands,1989,54.3654891382104000000000000000,121.0105001584490000000000000000,10.6598334094557000000000000000,512000000000.0000000000000000000000000000,34505.7979100000000000000000000000,14848907.0000000000000000000000000000,20040.0000000000000000000000000000,86.4800000000000000000000000000
528,NLD,Netherlands,1990,60.5107756020706000000000000000,119.5118617905540000000000000000,10.7308428012550000000000000000,534000000000.0000000000000000000000000000,35702.5547500000000000000000000000,14951510.0000000000000000000000000000,20060.0000000000000000000000000000,90.4700000000000000000000000000
528,NLD,Netherlands,1991,54.9498600848086000000000000000,114.8800266995760000000000000000,9.4628110742228000000000000000,547000000000.0000000000000000000000000000,36286.3110500000000000000000000000,15069798.0000000000000000000000000000,19910.0000000000000000000000000000,86.8600000000000000000000000000
528,NLD,Netherlands,1992,68.6004940524503000000000000000,117.0193117816060000000000000000,10.3849608849746000000000000000,556000000000.0000000000000000000000000000,36627.4078100000000000000000000000,15184166.0000000000000000000000000000,19860.0000000000000000000000000000,99.4100000000000000000000000000
528,NLD,Netherlands,1993,72.1090074609416000000000000000,112.6165507433600000000000000000,9.4586266066821700000000000000,563000000000.0000000000000000000000000000,36830.4151000000000000000000000000,15290368.0000000000000000000000000000,19880.0000000000000000000000000000,99.1000000000000000000000000000
528,NLD,Netherlands,1994,74.9729051942254000000000000000,114.0442935614050000000000000000,10.4808480961585000000000000000,580000000000.0000000000000000000000000000,37693.0453500000000000000000000000,15382838.0000000000000000000000000000,19710.0000000000000000000000000000,93.3400000000000000000000000000
528,NLD,Netherlands,1995,61.8824014995906000000000000000,120.0833292294390000000000000000,10.2775141099172000000000000000,598000000000.0000000000000000000000000000,38676.0699400000000000000000000000,15459006.0000000000000000000000000000,19640.0000000000000000000000000000,97.1600000000000000000000000000
528,NLD,Netherlands,1996,49.0309499408902000000000000000,114.5476406143120000000000000000,8.3799508034389200000000000000,619000000000.0000000000000000000000000000,39844.9781200000000000000000000000,15530498.0000000000000000000000000000,19810.0000000000000000000000000000,101.2900000000000000000000000000
528,NLD,Netherlands,1997,55.4066965780432000000000000000,118.1021305305820000000000000000,10.1196194267606000000000000000,646000000000.0000000000000000000000000000,41356.4502199999000000000000000000,15610650.0000000000000000000000000000,19660.0000000000000000000000000000,96.6000000000000000000000000000
528,NLD,Netherlands,1998,87.3695219065532000000000000000,105.6798935426920000000000000000,10.1942872946875000000000000000,676000000000.0000000000000000000000000000,43019.1875100000000000000000000000,15707209.0000000000000000000000000000,19730.0000000000000000000000000000,84.2700000000000000000000000000
528,NLD,Netherlands,1999,75.8112493463201000000000000000,118.8488517140430000000000000000,10.8283510402897000000000000000,710000000000.0000000000000000000000000000,44885.0907400000000000000000000000,15812088.0000000000000000000000000000,19670.0000000000000000000000000000,104.6800000000000000000000000000
528,NLD,Netherlands,2000,75.1253614482834000000000000000,111.5988978396350000000000000000,10.8027177641891000000000000000,740000000000.0000000000000000000000000000,46435.2145100000000000000000000000,15925513.0000000000000000000000000000,19560.0000000000000000000000000000,104.2700000000000000000000000000
528,NLD,Netherlands,2001,78.2062503610150000000000000000,114.9102886474980000000000000000,10.2914224035118000000000000000,757000000000.0000000000000000000000000000,47158.4235400000000000000000000000,16046180.0000000000000000000000000000,19310.0000000000000000000000000000,96.1600000000000000000000000000
528,NLD,Netherlands,2002,75.3937384114771000000000000000,116.0541072838810000000000000000,10.7254725134540000000000000000,758000000000.0000000000000000000000000000,46960.1847300000000000000000000000,16148929.0000000000000000000000000000,19490.0000000000000000000000000000,98.7800000000000000000000000000
528,NLD,Netherlands,2003,52.3297734392270000000000000000,129.5152482487100000000000000000,10.5204955406905000000000000000,760000000000.0000000000000000000000000000,46811.8893099999000000000000000000,16225302.0000000000000000000000000000,19230.0000000000000000000000000000,96.0100000000000000000000000000
528,NLD,Netherlands,2004,70.6787615827635000000000000000,116.3076071312340000000000000000,10.3014180361256000000000000000,775000000000.0000000000000000000000000000,47575.4792600000000000000000000000,16281779.0000000000000000000000000000,19494.0002400000000000000000000000,105.6500000000000000000000000000
528,NLD,Netherlands,2005,68.6079857694529000000000000000,117.4883218153700000000000000000,10.5157429192107000000000000000,791000000000.0000000000000000000000000000,48437.8795700000000000000000000000,16319868.0000000000000000000000000000,19376.9995100000000000000000000000,99.0300000000000000000000000000
528,NLD,Netherlands,2006,63.6367438471912000000000000000,121.2476188841520000000000000000,10.9174526258504000000000000000,818000000000.0000000000000000000000000000,50033.8834300000000000000000000000,16346101.0000000000000000000000000000,19195.9997600000000000000000000000,95.3100000000000000000000000000
528,NLD,Netherlands,2007,74.6163479568013000000000000000,115.4040115893050000000000000000,11.0176498285855000000000000000,849000000000.0000000000000000000000000000,51808.7651400000000000000000000000,16381696.0000000000000000000000000000,19144.0002400000000000000000000000,100.1600000000000000000000000000
528,NLD,Netherlands,2008,70.6069819792532000000000000000,118.0105986862390000000000000000,10.5213344461754000000000000000,867000000000.0000000000000000000000000000,52727.5193000000000000000000000000,16445593.0000000000000000000000000000,19293.0004900000000000000000000000,102.8500000000000000000000000000
528,NLD,Netherlands,2009,62.0535501259148000000000000000,123.0948258036410000000000000000,10.4508318388558000000000000000,835000000000.0000000000000000000000000000,50533.5068800000000000000000000000,16530388.0000000000000000000000000000,19174.0002400000000000000000000000,106.7200000000000000000000000000
528,NLD,Netherlands,2010,66.4696564051397000000000000000,118.8572464983350000000000000000,8.9940593645506000000000000000,847000000000.0000000000000000000000000000,50950.0343400000000000000000000000,16615394.0000000000000000000000000000,18723.0004900000000000000000000000,104.8600000000000000000000000000
528,NLD,Netherlands,2011,64.8636741357146000000000000000,121.8315649362920000000000000000,10.8549954029388000000000000000,860000000000.0000000000000000000000000000,51499.5957900000000000000000000000,16693074.0000000000000000000000000000,18584.0002400000000000000000000000,111.9800000000000000000000000000
528,NLD,Netherlands,2012,70.7787961549535000000000000000,115.9336552598560000000000000000,10.1782331675022000000000000000,851000000000.0000000000000000000000000000,50780.7029700000000000000000000000,16754962.0000000000000000000000000000,18416.9995100000000000000000000000,104.9400000000000000000000000000
528,NLD,Netherlands,2013,60.3838291027474000000000000000,116.4275131174540000000000000000,9.6846005464406100000000000000,850000000000.0000000000000000000000000000,50565.3020700000000000000000000000,16804432.0000000000000000000000000000,18475.9997600000000000000000000000,107.5100000000000000000000000000
528,NLD,Netherlands,2014,64.0610151936513000000000000000,121.3434133306970000000000000000,11.6077115131145000000000000000,862000000000.0000000000000000000000000000,51100.8398300000000000000000000000,16865008.0000000000000000000000000000,18390.9997600000000000000000000000,112.1900000000000000000000000000
528,NLD,Netherlands,2015,68.8692566142411000000000000000,120.6346567619050000000000000000,10.8261765717686000000000000000,879000000000.0000000000000000000000000000,51871.5765000000000000000000000000,16939923.0000000000000000000000000000,18370.0000000000000000000000000000,108.7700000000000000000000000000
528,NLD,Netherlands,2016,65.4969144447462000000000000000,117.3480703525570000000000000000,10.6503053845802000000000000000,898000000000.0000000000000000000000000000,52727.1024800000000000000000000000,17030314.0000000000000000000000000000,17960.0000000000000000000000000000,106.5200000000000000000000000000
528,NLD,Netherlands,2017,71.1514521376898000000000000000,119.2672998723640000000000000000,10.8846949512452000000000000000,924000000000.0000000000000000000000000000,53942.0850900000000000000000000000,17131296.0000000000000000000000000000,..,..
528,NLD,Netherlands,2018,53.2230416695501000000000000000,131.5629589398450000000000000000,11.3507041949006000000000000000,948000000000.0000000000000000000000000000,55020.9799700000000000000000000000,17231624.0000000000000000000000000000,..,..
528,NLD,Netherlands,2019,67.6551062612424000000000000000,124.1448856555580000000000000000,11.2299532358444000000000000000,965000000000.0000000000000000000000000000,55689.9894600000000000000000000000,17332850.0000000000000000000000000000,..,..
